{
    "doors": [
        {
            "Opening id": 0,
            "bbox_vertices": [
                [
                    -51.61600347552338,
                    14.184500102843263,
                    3.715
                ],
                [
                    -51.698120676045555,
                    14.1888940355874,
                    3.715
                ],
                [
                    -53.16734069742011,
                    14.172341330853687,
                    3.715
                ],
                [
                    -51.61434604053685,
                    13.970825876209055,
                    3.715
                ],
                [
                    -51.61600347552338,
                    14.184500102843263,
                    5.939
                ],
                [
                    -51.698120676045555,
                    14.1888940355874,
                    5.939
                ],
                [
                    -53.16734069742011,
                    14.172341330853687,
                    5.939
                ],
                [
                    -51.61434604053685,
                    13.970825876209055,
                    5.939
                ]
            ],
            "length": 0.21368065475952955,
            "thickness": 0.08223467192467784,
            "height": 2.224,
            "rotation_matrix": [
                [
                    -0.9985715100486011,
                    0.05343163219719597
                ],
                [
                    0.0077565982207974254,
                    -0.9999699171395312
                ]
            ]
        },
        {
            "Opening id": 1,
            "bbox_vertices": [
                [
                    -44.414518679523546,
                    14.030828913683346,
                    3.733
                ],
                [
                    -44.472957513666636,
                    14.085379702480973,
                    3.733
                ],
                [
                    -46.07925320970295,
                    14.01976263327026,
                    3.733
                ],
                [
                    -44.41629279322883,
                    14.326025413816081,
                    3.733
                ],
                [
                    -44.414518679523546,
                    14.030828913683346,
                    5.952
                ],
                [
                    -44.472957513666636,
                    14.085379702480973,
                    5.952
                ],
                [
                    -46.07925320970295,
                    14.01976263327026,
                    5.952
                ],
                [
                    -44.41629279322883,
                    14.326025413816081,
                    5.952
                ]
            ],
            "length": 0.29520183124441424,
            "thickness": 0.07994301654582993,
            "height": 2.219,
            "rotation_matrix": [
                [
                    -0.7310061174585215,
                    0.6823709081124564
                ],
                [
                    -0.006009832993928896,
                    0.999981940790625
                ]
            ]
        }
    ],
    "windows": [
        {
            "Opening id": 0,
            "bbox_vertices": [
                [
                    -38.50487599676399,
                    6.833599351220851,
                    4.571
                ],
                [
                    -31.60133109129406,
                    6.911937589241566,
                    4.571
                ],
                [
                    -38.645896824002754,
                    6.8592053770032315,
                    4.571
                ],
                [
                    -38.50072549633453,
                    6.4304157278993905,
                    4.571
                ],
                [
                    -38.50487599676399,
                    6.833599351220851,
                    5.985
                ],
                [
                    -31.60133109129406,
                    6.911937589241566,
                    5.985
                ],
                [
                    -38.645896824002754,
                    6.8592053770032315,
                    5.985
                ],
                [
                    -38.50072549633453,
                    6.4304157278993905,
                    5.985
                ]
            ],
            "length": 6.903989364228195,
            "thickness": 0.4032049860411405,
            "height": 1.4140000000000006,
            "rotation_matrix": [
                [
                    0.9999356229080296,
                    0.011346807459844954
                ],
                [
                    0.010293772580077033,
                    -0.9999470177194738
                ]
            ]
        },
        {
            "Opening id": 1,
            "bbox_vertices": [
                [
                    -44.529709857334424,
                    6.370023056470014,
                    4.627
                ],
                [
                    -38.88725454889871,
                    6.433161233732379,
                    4.627
                ],
                [
                    -44.53494976488524,
                    6.375004622132076,
                    4.627
                ],
                [
                    -44.53353955368425,
                    6.71278459936762,
                    4.627
                ],
                [
                    -44.529709857334424,
                    6.370023056470014,
                    5.855
                ],
                [
                    -38.88725454889871,
                    6.433161233732379,
                    5.855
                ],
                [
                    -44.53494976488524,
                    6.375004622132076,
                    5.855
                ],
                [
                    -44.53353955368425,
                    6.71278459936762,
                    5.855
                ]
            ],
            "length": 5.642808550458041,
            "thickness": 0.34278293694943285,
            "height": 1.2280000000000006,
            "rotation_matrix": [
                [
                    0.9999373996088706,
                    0.011189140424982176
                ],
                [
                    -0.011172365765657683,
                    0.9999375871739188
                ]
            ]
        },
        {
            "Opening id": 2,